index,timestamp,x,y,z,Qx,Qy,Qz,Qw
0,1722943138.868439,0.068137,-0.015630,0.221261,0.011251,0.019376,0.022170,0.999503
1,1722943139.135456,0.063035,-0.011601,0.318852,-0.003902,-0.029638,0.018017,0.999391
2,1722943139.669735,0.059017,-0.007264,0.114390,0.000824,-0.027130,0.007067,0.999607
3,1722943140.203784,0.035479,0.000587,-0.087559,0.015204,-0.012453,-0.002390,0.999804
4,1722943141.672724,0.015377,0.283467,-0.057257,0.041965,0.002982,-0.020485,0.998905
5,1722943142.473834,0.040859,-0.223143,-0.038065,-0.002905,0.002997,0.054592,0.998500
6,1722943142.741016,0.046803,-0.271073,-0.037927,-0.006027,0.000729,0.035808,0.999340
7,1722943143.408481,0.029620,0.076056,-0.058753,0.039494,0.000273,-0.027746,0.998834
8,1722943143.809180,0.033495,0.291081,-0.041526,0.067533,0.024582,-0.075192,0.994576
9,1722943144.209652,0.045890,0.267124,-0.051600,0.066097,0.005451,-0.050444,0.996522
10,1722943144.610806,0.042838,0.022934,-0.076681,0.029407,-0.015199,0.027241,0.999081
11,1722943144.877336,0.037442,-0.154309,-0.067020,-0.034818,-0.007147,0.016693,0.999229
12,1722943145.144219,0.032876,-0.225280,-0.062435,-0.048941,-0.008737,-0.002508,0.998760
13,1722943145.678968,0.046953,-0.056918,-0.077112,0.006872,-0.013817,0.001644,0.999880
14,1722943146.079612,0.044401,0.042952,-0.076270,0.025347,-0.002854,0.008904,0.999635
15,1722943146.479661,0.097550,0.063231,-0.073849,0.028476,0.033459,-0.004978,0.999022
16,1722943146.746966,0.234083,0.051360,-0.027141,0.027504,-0.003325,-0.023269,0.999345
17,1722943147.013854,0.321647,0.052071,0.001643,0.038717,-0.023829,-0.005895,0.998949
18,1722943147.414257,0.206293,0.054495,-0.030152,0.021016,0.000861,0.003944,0.999771
19,1722943147.681308,0.069573,0.059737,-0.054755,0.003630,0.020665,-0.011277,0.999716
20,1722943148.081999,-0.013839,0.059676,-0.090393,0.019881,0.038726,-0.017700,0.998895
21,1722943148.482425,0.140681,0.055698,-0.052924,0.016378,0.025643,-0.008178,0.999504
22,1722943148.749703,0.259328,0.044289,-0.018876,0.024844,0.011640,-0.024153,0.999332
23,1722943150.085068,0.021657,0.065079,-0.059776,0.013390,0.014693,-0.046453,0.998723
24,1722943150.485555,0.067310,0.082659,-0.060268,0.018988,0.008215,-0.072990,0.997118
25,1722943151.153232,0.306776,-0.002619,-0.053226,0.013874,-0.007779,-0.047797,0.998730
26,1722943152.088601,0.762414,-0.072219,-0.031402,0.017026,-0.017576,-0.051005,0.998399
27,1722943153.022679,1.232526,-0.175560,-0.009596,0.005616,-0.020299,-0.023906,0.999492
28,1722943153.823654,1.609419,-0.206895,-0.014165,0.006726,-0.014855,-0.040372,0.999052
29,1722943154.090787,1.740916,-0.210732,0.005566,0.019034,-0.029669,-0.060871,0.997523
30,1722943154.625533,1.941271,-0.271139,-0.004034,0.007501,-0.010676,-0.036588,0.999245
31,1722943154.891968,2.036145,-0.305083,0.002606,-0.011283,-0.016752,0.004688,0.999785
32,1722943155.158962,2.107139,-0.302852,-0.002996,-0.010928,-0.010390,0.037103,0.999198
33,1722943155.559577,2.185935,-0.298660,-0.012032,-0.008319,-0.008306,0.081565,0.996599
34,1722943155.826595,2.208154,-0.271811,-0.018879,-0.007308,-0.011393,0.148792,0.988776
35,1722943156.094229,2.205755,-0.226426,-0.020056,-0.007051,-0.014675,0.232717,0.972408
36,1722943156.361420,2.187117,-0.170719,-0.021066,-0.003651,-0.013826,0.317953,0.947999
37,1722943156.628348,2.154664,-0.108923,-0.026208,-0.000355,-0.011633,0.396155,0.918110
38,1722943156.894755,2.103082,-0.056944,-0.030467,0.005993,-0.010166,0.473929,0.880484
39,1722943157.161801,2.047073,-0.024753,-0.031809,0.009482,-0.006383,0.547344,0.836830
40,1722943157.429000,2.005171,-0.011809,-0.032576,0.012054,-0.001443,0.608768,0.793255
41,1722943157.696056,1.966159,-0.004423,-0.033886,0.009602,0.008580,0.666284,0.745587
42,1722943157.963623,1.912659,0.023719,-0.042147,0.000448,0.008749,0.707133,0.707027
43,1722943158.230763,1.856963,0.087599,-0.045720,0.003133,0.005645,0.725681,0.688001
44,1722943158.897843,1.798308,0.301722,-0.063863,0.008675,0.006243,0.741207,0.671192
45,1722943159.298390,1.816797,0.475493,-0.041932,0.012057,-0.018153,0.760063,0.649483
46,1722943160.633708,1.727831,1.056636,-0.045013,0.019369,-0.003121,0.758590,0.651273
47,1722943161.034168,1.700861,1.288175,-0.031747,0.028467,-0.028328,0.769656,0.637194
48,1722943161.434969,1.679967,1.481609,-0.034197,0.007583,-0.024845,0.753059,0.657440
49,1722943161.701909,1.688780,1.624702,-0.042479,0.022759,-0.027557,0.725772,0.687006
50,1722943162.636609,1.691812,1.827747,-0.058401,0.006404,0.000984,0.726048,0.687614
51,1722943162.903671,1.674983,1.865055,-0.187327,-0.031126,0.040003,0.730854,0.680649
52,1722943163.571312,1.654985,1.962573,-0.048982,-0.015935,0.032657,0.738137,0.673672
53,1722943164.105462,1.631403,1.983937,-0.018874,-0.003880,0.027008,0.710867,0.702797
54,1722943164.372450,1.640812,2.011800,-0.017422,0.000137,0.022394,0.649882,0.759705
55,1722943164.639508,1.665563,2.029556,-0.010841,-0.001391,0.016599,0.577427,0.816272
56,1722943164.906415,1.700488,2.059605,-0.007614,-0.005576,0.013140,0.509986,0.860065
57,1722943165.174166,1.753540,2.112912,-0.019357,-0.001522,0.011521,0.441572,0.897151
58,1722943165.574319,1.853096,2.238727,-0.003661,0.013968,-0.009664,0.387921,0.921536
59,1722943165.841411,1.903968,2.316851,-0.001229,0.009327,-0.009140,0.361422,0.932311
60,1722943166.108336,1.948451,2.399053,-0.018254,0.001786,-0.008143,0.328708,0.944395
61,1722943166.375407,1.997323,2.510298,-0.017493,0.015355,-0.012085,0.276019,0.960953
62,1722943166.642425,2.044178,2.618419,-0.005794,0.028294,-0.016959,0.208733,0.977416
63,1722943167.043154,2.142879,2.708904,-0.007514,0.015301,-0.012916,0.138153,0.990208
64,1722943167.577254,2.342609,2.812853,-0.008301,0.011576,-0.032939,0.140723,0.989433
65,1722943167.844145,2.416379,2.862090,-0.009462,0.006662,-0.034651,0.157141,0.986946
66,1722943168.244805,2.516615,2.941954,-0.025666,-0.005444,-0.019609,0.144214,0.989337
67,1722943168.645349,2.648654,3.039943,-0.014210,-0.002054,-0.021476,0.100265,0.994727
68,1722943169.046655,2.790439,3.097807,-0.026256,-0.005941,-0.015553,0.117750,0.992904
69,1722943169.313370,2.921922,3.128233,-0.038900,-0.012575,-0.024111,0.197002,0.980026
70,1722943169.580165,3.038791,3.160476,-0.034590,-0.026750,-0.030281,0.326390,0.944371
71,1722943169.847167,3.096930,3.207762,-0.042918,-0.021001,-0.017814,0.428565,0.903091
72,1722943170.114218,3.161110,3.274993,-0.061263,-0.020816,-0.024840,0.493104,0.869366
73,1722943170.381307,3.211284,3.360734,-0.061690,-0.020751,-0.036996,0.591448,0.805227
74,1722943170.648251,3.219960,3.416959,-0.067165,-0.013161,-0.034469,0.715126,0.698021
75,1722943170.915381,3.221842,3.426346,-0.082037,-0.009275,-0.031975,0.833529,0.551472
76,1722943171.182371,3.212685,3.391032,-0.095075,-0.010497,-0.024659,0.923863,0.381784
77,1722943171.449637,3.175525,3.357932,-0.099761,-0.005271,-0.017831,0.967300,0.252952
78,1722943171.716556,3.142814,3.349525,-0.087449,0.000948,-0.019568,0.986967,0.159729
79,1722943171.983660,3.150643,3.345352,-0.072025,0.023363,-0.018248,0.994602,0.099440
80,1722943172.250680,3.143881,3.354512,-0.069600,0.012800,-0.012392,0.999103,0.038403
81,1722943172.517637,3.132716,3.368782,-0.073657,0.004722,-0.009200,0.999872,0.012239
82,1722943173.051851,3.140894,3.329255,-0.171286,-0.003531,0.018513,0.999737,-0.013032
83,1722943173.319014,3.142652,3.324002,-0.303959,-0.016869,0.011195,0.999379,-0.028855
84,1722943173.585896,3.145488,3.327311,-0.316100,-0.044632,0.020606,0.998368,-0.029058
85,1722943174.120062,3.144267,3.315052,-0.034202,-0.035438,0.023749,0.998460,-0.035471
86,1722943175.054747,2.910191,3.266981,-0.038965,-0.007667,0.018182,0.998995,-0.040248
87,1722943175.321768,2.761107,3.279669,-0.016148,0.013761,0.009734,0.998445,-0.053142
88,1722943175.989442,2.419949,3.258295,-0.030561,0.018836,0.010228,0.999531,-0.021886
89,1722943176.256537,2.298492,3.242337,-0.023461,0.028179,0.031146,0.996688,0.069635
90,1722943176.523732,2.207185,3.252062,-0.019620,0.025353,0.038054,0.985815,0.161489
91,1722943176.790709,2.143349,3.303673,-0.040605,0.020629,0.043907,0.968329,0.244918
92,1722943177.057620,2.066779,3.371210,-0.043022,0.025304,0.053155,0.945807,0.319347
93,1722943177.324803,2.022532,3.462709,-0.039194,0.039496,0.041594,0.912931,0.404063
94,1722943177.591980,1.995560,3.560969,-0.041861,0.020679,0.032817,0.874070,0.484248
95,1722943177.859382,1.952181,3.677764,-0.053499,0.019614,0.018368,0.833221,0.552287
96,1722943178.126430,1.905130,3.812955,-0.039080,0.029908,0.013683,0.787103,0.615944
97,1722943178.393617,1.885016,3.942215,-0.032647,0.026163,0.006441,0.746121,0.665264
98,1722943178.660099,1.891333,4.082978,-0.052452,0.025847,0.004067,0.731601,0.681231
99,1722943179.461357,1.885953,4.521848,-0.053125,0.018989,-0.007204,0.720565,0.693090
100,1722943180.128813,1.821893,4.848370,-0.039811,0.006682,-0.003241,0.734995,0.678031
101,1722943180.395849,1.815293,4.929229,-0.057336,-0.001940,-0.005165,0.786524,0.617535
102,1722943180.662870,1.810605,5.073049,-0.041143,-0.005756,-0.015268,0.856300,0.516222
103,1722943180.930077,1.763529,5.165537,-0.042116,-0.016444,-0.023818,0.922706,0.384416
104,1722943181.197168,1.690818,5.204130,-0.059105,-0.011278,-0.018212,0.965132,0.260885
105,1722943181.464115,1.634963,5.215916,-0.056992,-0.002049,0.000443,0.987571,0.157161
106,1722943181.731221,1.583107,5.192075,-0.055484,-0.009342,-0.005553,0.997368,0.071681
107,1722943182.131694,1.484820,5.208096,-0.054132,-0.009719,-0.003619,0.999911,0.008416
108,1722943182.532851,1.398844,5.222941,-0.050381,0.015399,0.006919,0.999836,0.006525
109,1722943183.199960,1.290372,5.225666,-0.136455,0.005130,0.009835,0.999706,-0.021565
110,1722943183.467085,1.276400,5.234246,-0.260094,-0.028704,0.005414,0.998799,-0.039334
111,1722943184.134722,1.233589,5.224632,-0.100049,-0.030697,0.002461,0.998637,-0.042137
112,1722943184.401838,1.231383,5.204901,-0.042289,-0.017359,0.025192,0.999334,-0.019895
113,1722943184.668896,1.201106,5.191126,-0.034651,-0.020910,0.026652,0.999290,0.016488
114,1722943184.935922,1.125904,5.191696,-0.043255,-0.020131,0.026030,0.997907,0.055666
115,1722943185.203013,0.999128,5.217552,-0.048864,-0.011276,0.018460,0.995881,0.088053
116,1722943185.469977,0.857884,5.255102,-0.023142,0.011196,0.014965,0.992523,0.120615
117,1722943185.737165,0.726668,5.288417,-0.028696,0.005383,0.011584,0.987704,0.155816
118,1722943186.004149,0.583623,5.324520,-0.033405,0.020176,0.008959,0.978641,0.204390
119,1722943186.271143,0.450094,5.359340,-0.014618,0.025351,0.013206,0.965572,0.258560
120,1722943186.538268,0.347220,5.417615,-0.020910,0.017964,0.011026,0.959185,0.281994
121,1722943186.938805,0.202845,5.567430,-0.024153,0.022734,-0.009737,0.965849,0.257923
122,1722943187.205896,0.111457,5.648228,-0.024471,0.016098,-0.002561,0.973580,0.227763
123,1722943187.606486,-0.035024,5.741519,-0.042734,0.018810,-0.006277,0.982755,0.183844
124,1722943187.873572,-0.138362,5.787827,-0.047690,0.011768,-0.002989,0.990984,0.133427
125,1722943188.140515,-0.239518,5.830856,-0.051487,0.010411,-0.013802,0.999167,0.036971
126,1722943188.407549,-0.330917,5.854972,-0.046748,0.001352,-0.017028,0.996019,-0.087489
127,1722943188.674592,-0.426622,5.854704,-0.054846,0.001783,-0.017782,0.982295,-0.186487
128,1722943188.941737,-0.527974,5.815734,-0.059484,0.013940,-0.011644,0.955215,-0.295353
129,1722943189.208804,-0.601429,5.745549,-0.051648,0.019911,0.000631,0.904985,-0.424976
130,1722943189.475776,-0.657746,5.670135,-0.058645,-0.016272,0.003835,-0.817275,0.576005
131,1722943189.742755,-0.725740,5.588502,-0.044252,-0.020165,0.013783,-0.695400,0.718207
132,1722943190.009916,-0.743511,5.519601,-0.036190,-0.020743,0.010973,-0.587144,0.809142
133,1722943190.277018,-0.735776,5.453919,-0.033563,-0.021051,-0.008367,-0.491528,0.870567
134,1722943190.543955,-0.716233,5.393463,-0.030571,-0.025886,-0.017189,-0.397028,0.917280
135,1722943190.811288,-0.708003,5.346106,-0.033779,-0.036862,-0.016109,-0.306106,0.951147
136,1722943191.078738,-0.727143,5.348869,-0.073270,-0.041887,-0.003885,-0.229556,0.972386
137,1722943191.345306,-0.801394,5.341643,-0.171882,-0.024311,0.012746,-0.191550,0.981099
138,1722943191.745842,-0.841518,5.310354,-0.339120,0.010814,0.038798,-0.175117,0.983723
139,1722943192.146376,-0.810831,5.316087,-0.151172,0.012846,0.007217,-0.162086,0.986667
140,1722943192.413429,-0.779717,5.300792,-0.077272,-0.001980,-0.014693,-0.121959,0.992424
141,1722943192.680567,-0.721451,5.297521,-0.065786,0.004340,-0.000668,-0.071783,0.997411
142,1722943192.947464,-0.623709,5.296457,-0.062939,0.001503,0.012297,-0.053660,0.998482
143,1722943193.348091,-0.389386,5.284026,-0.047669,-0.008550,-0.005202,-0.047221,0.998834
144,1722943193.882312,-0.068848,5.227269,-0.071290,-0.019227,-0.010818,-0.013634,0.999664
145,1722943194.149479,0.117409,5.195617,-0.058238,-0.025058,-0.014442,0.012986,0.999497
146,1722943195.484743,0.868733,5.151894,-0.094684,-0.003616,-0.021151,0.005299,0.999756
147,1722943195.885280,1.064377,5.138357,-0.069617,0.010863,-0.023694,-0.029153,0.999235
148,1722943196.152291,1.188832,5.095003,-0.084636,0.021184,-0.017588,-0.129212,0.991235
149,1722943196.419287,1.273540,5.045896,-0.087005,0.030763,-0.026104,-0.282162,0.958518
150,1722943196.686342,1.317268,4.996971,-0.083936,0.030689,-0.025055,-0.435464,0.899334
151,1722943196.953546,1.276712,4.953179,-0.083598,0.019109,-0.027317,-0.536126,0.843480
152,1722943197.220762,1.283832,4.874625,-0.095179,0.015622,-0.045072,-0.589497,0.806361
153,1722943197.487595,1.310352,4.846368,-0.076671,0.007418,-0.043786,-0.615812,0.786640
154,1722943197.754595,1.345299,4.787540,-0.082457,0.002700,-0.032416,-0.638797,0.768687
155,1722943198.021677,1.402668,4.676551,-0.083781,0.005786,-0.040179,-0.674999,0.736701
156,1722943198.288818,1.449877,4.592105,-0.064997,0.010355,-0.036954,-0.714875,0.698199
157,1722943198.555755,1.468424,4.479067,-0.071358,-0.002616,-0.028607,-0.735883,0.676499
158,1722943198.956461,1.495980,4.190196,-0.065584,-0.009451,-0.037487,-0.760518,0.648165
159,1722943199.223350,1.497884,4.000850,-0.064691,-0.009272,-0.028902,-0.798850,0.600764
160,1722943199.490405,1.490678,3.839441,-0.079437,-0.020703,-0.038805,-0.862503,0.504137
161,1722943199.757499,1.462880,3.779826,-0.058093,0.013988,0.043308,0.917681,-0.394702
162,1722943200.024566,1.414521,3.694063,-0.063723,0.016239,0.031518,0.944275,-0.327244
163,1722943200.291564,1.326617,3.593280,-0.071474,0.024648,0.027466,0.958110,-0.284014
164,1722943200.692155,1.212528,3.473029,-0.045170,0.026736,0.007256,0.976884,-0.211968
165,1722943200.959269,1.132926,3.401452,-0.057301,0.034958,0.006052,0.989924,-0.137081
166,1722943201.226336,1.051440,3.336778,-0.047832,0.039329,0.020095,0.996367,-0.072812
167,1722943201.493442,0.965516,3.292130,-0.042811,0.036729,0.006012,0.998155,-0.047963
168,1722943202.161175,0.910412,3.285151,-0.138432,0.004313,-0.015898,0.999202,-0.036375
169,1722943202.428003,0.900826,3.290065,-0.328138,-0.007844,0.011442,0.999502,-0.028339
170,1722943202.962235,0.777465,3.211613,-0.121844,-0.019056,0.029496,0.998286,-0.046808
171,1722943203.363393,0.763308,3.187761,0.007867,-0.015361,0.011130,0.999611,-0.020447
172,1722943204.163859,0.680874,3.143722,-0.020802,-0.023803,0.017073,0.999517,0.010390
173,1722943204.697991,0.360333,3.147056,-0.021709,0.008775,-0.002552,0.999921,-0.008573
174,1722943205.232149,-0.025691,3.109590,-0.043973,0.032853,-0.005981,0.999237,-0.020232
175,1722943206.033577,-0.552162,3.111519,-0.028081,0.052463,-0.010138,0.996391,-0.065949
176,1722943206.300982,-0.680070,3.095236,-0.027925,0.046840,-0.008051,0.993665,-0.101835
177,1722943207.235033,-0.834727,3.079781,-0.233553,0.023125,0.024995,0.995331,-0.090316
178,1722943207.502109,-0.859640,3.104852,-0.365119,-0.031207,0.013640,0.995826,-0.084678
179,1722943207.902680,-0.912091,3.107779,-0.195724,-0.033876,0.024058,0.991809,-0.120782
180,1722943208.169837,-0.886471,3.109365,-0.027672,0.003195,0.005541,0.989974,-0.141106
181,1722943208.436938,-0.949867,3.087162,-0.038379,-0.005838,0.006161,0.986237,-0.165120
182,1722943208.703958,-1.059731,3.011607,-0.045143,0.012252,0.011284,0.981115,-0.192706
183,1722943209.772183,-1.598952,2.706368,-0.051673,0.020689,0.024054,0.987345,-0.155379
184,1722943210.306872,-1.831442,2.535746,-0.064435,0.029879,0.014335,0.994737,-0.096950
185,1722943210.573868,-1.925126,2.489240,-0.021539,0.052353,0.012181,0.997775,-0.039432
186,1722943210.974518,-2.009794,2.448268,-0.048368,0.027134,0.000715,0.999390,-0.021981
187,1722943211.642161,-2.121739,2.396180,-0.182141,0.019456,-0.000862,0.999586,-0.021199
188,1722943211.908697,-2.139437,2.378345,-0.357723,-0.006769,0.007114,0.999750,-0.020064
189,1722943212.709820,-2.158294,2.334891,-0.177166,-0.039538,0.020716,0.998544,-0.030278
190,1722943212.976785,-2.150147,2.332089,-0.050550,-0.011134,0.020114,0.999452,-0.023817
191,1722943213.377573,-2.153493,2.320194,-0.025105,0.004820,0.020970,0.999768,0.001180
192,1722943213.644568,-2.153988,2.313524,-0.021886,-0.000229,0.019829,0.997921,0.061329
193,1722943213.911605,-2.157112,2.331677,-0.026367,-0.007750,0.019248,0.989006,0.146410
194,1722943214.178686,-2.193093,2.367320,-0.031443,-0.004022,0.016775,0.974607,0.223257
195,1722943214.445775,-2.251729,2.427652,-0.026240,0.021709,0.005287,0.952436,0.303919
196,1722943214.713234,-2.308734,2.506799,-0.025738,0.025613,0.006354,0.926655,0.374986
197,1722943214.980266,-2.374500,2.575955,-0.032563,0.015999,-0.000872,0.899166,0.437314
198,1722943215.247336,-2.463018,2.649106,-0.034595,0.030254,0.001795,0.864483,0.501748
199,1722943215.513896,-2.535085,2.736732,-0.029771,0.021216,0.015764,0.830400,0.556541
200,1722943215.781139,-2.594016,2.856372,-0.040865,0.019237,0.004737,0.813687,0.580965
201,1722943216.181587,-2.680554,3.124839,-0.034680,0.018405,-0.011917,0.798510,0.601582
202,1722943216.715606,-2.818870,3.504944,-0.047097,0.025302,-0.016257,0.771152,0.635940
203,1722943216.982736,-2.866168,3.668434,-0.032329,0.021843,-0.019054,0.745036,0.666394
204,1722943217.650445,-2.882103,4.095759,-0.039955,0.011549,-0.020064,0.728706,0.684435
205,1722943218.184624,-2.889833,4.502769,-0.060013,0.010476,-0.018466,0.696008,0.717721
206,1722943218.451407,-2.859815,4.592010,-0.037915,0.012823,-0.009573,0.659450,0.751578
207,1722943218.985656,-2.789289,4.862497,-0.048982,0.002952,-0.031866,0.658559,0.751848
208,1722943219.386817,-2.728871,5.091365,-0.025991,0.007966,-0.053693,0.690295,0.721489
209,1722943219.789559,-2.712999,5.260091,-0.030707,0.023527,-0.029145,0.683248,0.729225
210,1722943220.321496,-2.714521,5.341515,-0.159305,0.023910,-0.039377,0.706542,0.706170
211,1722943220.588593,-2.707627,5.338379,-0.326009,-0.010366,0.007578,0.706407,0.707689
212,1722943220.988628,-2.689249,5.389635,-0.332657,-0.020075,0.020361,0.730796,0.681997
213,1722943221.255671,-2.685025,5.365146,-0.157691,-0.003743,0.032963,0.747576,0.663347
214,1722943221.789779,-2.649074,5.391661,-0.064081,0.004954,0.013295,0.775536,0.631144
215,1722943222.190266,-2.660700,5.505024,-0.055854,0.003255,0.011688,0.810341,0.585833
216,1722943222.457513,-2.674921,5.630616,-0.041577,0.005067,-0.000647,0.827235,0.561832
217,1722943222.724452,-2.698050,5.755447,-0.030638,-0.001649,-0.000560,0.846421,0.532511
218,1722943222.991609,-2.722689,5.891384,-0.030465,-0.000090,-0.001934,0.870097,0.492877
219,1722943223.258550,-2.735341,6.048651,-0.020457,0.004014,-0.024424,0.895165,0.445046
220,1722943223.525680,-2.750726,6.180973,-0.009539,-0.001946,-0.024106,0.922467,0.385317
221,1722943223.793420,-2.797875,6.300333,-0.022577,0.003435,-0.026456,0.932393,0.360460
222,1722943224.327353,-2.906343,6.511833,-0.024689,0.025724,-0.026420,0.942937,0.330923
223,1722943224.594475,-2.958944,6.582838,-0.032521,0.015854,-0.025291,0.963226,0.267031
224,1722943224.861588,-2.993198,6.641202,-0.046372,0.024771,-0.031007,0.987691,0.151299
225,1722943225.128628,-2.973881,6.678962,-0.103212,0.027185,-0.027881,0.998526,0.037808
226,1722943225.528567,-2.931140,6.645572,-0.360669,0.015819,0.003017,0.999791,0.012613
227,1722943226.196123,-2.962730,6.643903,-0.126970,-0.016746,0.026630,0.999332,-0.018582
228,1722943226.863755,-3.075901,6.691284,-0.010859,0.001069,0.016811,0.998203,-0.057508
229,1722943227.397797,-3.300230,6.733378,0.039353,0.027455,0.004936,0.998797,-0.040317
230,1722943227.798488,-3.550408,6.765220,0.088416,0.032465,-0.002721,0.999462,0.003787
231,1722943228.466710,-4.001090,6.847936,0.087293,0.021589,-0.018342,0.999382,-0.020821
232,1722943229.134405,-4.403492,6.816665,0.068285,0.044559,-0.005781,0.998680,-0.024872
233,1722943229.400957,-4.529012,6.786283,0.067353,0.030716,-0.019329,0.998641,-0.037396
234,1722943229.668009,-4.577070,6.765231,0.042668,-0.001900,-0.020879,0.998112,-0.057726
235,1722943230.068651,-4.646115,6.757282,0.247097,-0.019667,0.015867,0.997657,-0.063580
236,1722943230.335663,-4.661690,6.745507,0.384330,0.034405,0.022065,0.997194,-0.062719
237,1722943230.736630,-4.647486,6.748907,0.187917,0.033148,0.008611,0.997775,-0.057199
238,1722943231.003730,-4.638536,6.758978,0.027935,-0.024037,-0.005450,0.997931,-0.059387
239,1722943231.270817,-4.636200,6.769645,0.034503,-0.002715,0.007869,0.993661,-0.112108
240,1722943231.537860,-4.640414,6.730671,0.040987,0.011326,0.010803,0.966606,-0.255789
241,1722943231.806859,-4.666086,6.672899,0.046034,0.020639,-0.010595,0.912496,-0.408426
242,1722943232.072000,-4.653902,6.604727,0.053506,-0.020323,0.010816,-0.816832,0.576417
243,1722943232.338983,-4.587266,6.548387,0.059087,-0.030870,0.002603,-0.704974,0.708557
244,1722943232.606111,-4.478860,6.522497,0.075745,-0.034581,-0.001597,-0.590511,0.806287
245,1722943232.873239,-4.349461,6.522337,0.080857,-0.030150,-0.004409,-0.498434,0.866392
246,1722943233.140240,-4.175220,6.544376,0.079791,-0.024036,-0.006388,-0.412451,0.910640
247,1722943233.407376,-3.945778,6.582694,0.073179,-0.015699,-0.018764,-0.328920,0.944041
248,1722943233.809974,-3.695992,6.626832,0.045269,0.008829,-0.022327,-0.296230,0.954815
249,1722943234.074891,-3.562647,6.595921,0.008875,0.031849,-0.027482,-0.338318,0.940091
250,1722943234.342013,-3.458738,6.516646,-0.000034,0.033225,-0.049531,-0.418934,0.906056
251,1722943234.608992,-3.362580,6.435480,0.019534,0.030822,-0.045988,-0.482797,0.873981
252,1722943234.875499,-3.282720,6.333130,0.009216,0.026106,-0.034521,-0.542469,0.838960
253,1722943235.142686,-3.186850,6.189043,0.009287,-0.005906,-0.058576,-0.596009,0.800817
254,1722943235.409634,-3.119489,6.039492,0.018782,-0.003647,-0.053138,-0.634567,0.771030
255,1722943235.676767,-3.068937,5.882093,-0.002097,-0.010574,-0.056498,-0.658659,0.750243
256,1722943235.943863,-3.047807,5.698311,-0.005308,-0.019295,-0.067385,-0.696623,0.714005
257,1722943236.210797,-3.033025,5.529504,-0.004625,-0.019710,-0.063263,-0.759668,0.646926
258,1722943236.478331,-3.030637,5.378848,-0.026624,-0.027815,-0.058131,-0.834495,0.547234
259,1722943236.745585,-3.037804,5.261298,-0.030490,0.012478,0.044814,0.884515,-0.464187
260,1722943237.012017,-3.043916,5.153729,-0.032614,0.015302,0.029459,0.887962,-0.458718
261,1722943237.279108,-3.063783,5.050792,-0.037723,-0.029968,-0.010298,-0.833572,0.551500
262,1722943237.546402,-3.067255,4.971075,-0.027854,-0.048863,0.006357,-0.727860,0.683953
263,1722943237.813195,-3.018378,4.925761,-0.033369,-0.025796,-0.006583,-0.650069,0.759409
264,1722943238.480923,-2.911116,4.730437,-0.074255,-0.021693,-0.013478,-0.671421,0.740636
265,1722943238.747886,-2.906033,4.654318,-0.051086,-0.007245,-0.023710,-0.693206,0.720313
266,1722943239.415483,-2.903788,4.362698,-0.058036,-0.021777,-0.035621,-0.700257,0.712669
267,1722943239.817527,-2.891304,4.154557,-0.056073,-0.008335,-0.024652,-0.718652,0.694883
268,1722943240.083781,-2.882335,3.999588,-0.061709,-0.027884,-0.028332,-0.740247,0.671159
269,1722943240.350921,-2.882421,3.845711,-0.049586,-0.020059,-0.023396,-0.771930,0.634960
270,1722943240.884967,-2.965984,3.516051,-0.060361,-0.028563,-0.032947,-0.759311,0.649266
271,1722943241.151916,-2.995414,3.367516,-0.040117,-0.020227,-0.020929,-0.745894,0.665428
272,1722943241.552421,-3.028757,3.152744,-0.061211,-0.038724,-0.026741,-0.760860,0.647207
273,1722943242.487231,-3.178465,2.700436,-0.045358,-0.008822,-0.022537,-0.739140,0.673117
274,1722943243.020880,-3.303309,2.452090,-0.040373,-0.024706,-0.017078,-0.732661,0.679931
275,1722943243.421495,-3.369317,2.237970,-0.030995,-0.035513,-0.013668,-0.738492,0.673188
276,1722943243.688465,-3.434161,2.087006,-0.039855,-0.020516,-0.017693,-0.745162,0.666333
277,1722943244.222715,-3.583730,1.784920,-0.030899,-0.038045,-0.019296,-0.718431,0.694289
278,1722943244.623177,-3.679834,1.563001,-0.051143,-0.048232,-0.012349,-0.728276,0.683473
279,1722943245.691781,-3.826270,1.291928,-0.075720,-0.005546,-0.018506,-0.685829,0.727506
280,1722943245.958943,-3.913910,1.049839,-0.198347,-0.021273,-0.019143,-0.689164,0.724040
281,1722943246.225912,-3.958327,0.940521,-0.344003,-0.003243,0.007529,-0.691229,0.722589
282,1722943246.625988,-3.990690,0.872841,-0.283880,0.020294,0.010540,-0.672910,0.739371
283,1722943246.893346,-3.980507,0.876622,-0.146664,0.012056,-0.006914,-0.666878,0.745037
284,1722943247.427227,-3.946162,0.897228,-0.125438,0.016225,-0.022878,-0.699157,0.714418
285,1722943247.694256,-3.922245,0.913784,-0.126155,0.022562,-0.026026,-0.755255,0.654525
286,1722943247.961390,-3.914945,0.935916,-0.124126,0.023348,-0.036025,-0.834042,0.550028
287,1722943248.228483,-3.912036,0.956167,-0.117844,-0.007658,0.040165,0.895938,-0.442293
288,1722943248.495453,-3.912336,0.971444,-0.114427,-0.008263,0.038300,0.945685,-0.322715
289,1722943248.762442,-3.925222,0.975623,-0.118710,-0.005868,0.041159,0.971448,-0.233583
290,1722943249.030031,-3.954973,0.954400,-0.115093,-0.000086,0.036830,0.985612,-0.164960
291,1722943249.297271,-4.021432,0.904553,-0.111347,0.001542,0.044925,0.994848,-0.090863
292,1722943249.563693,-4.106161,0.864176,-0.104451,0.009580,0.045407,0.998868,-0.010471
293,1722943249.831011,-4.193398,0.812476,-0.101123,0.010973,0.038649,0.996375,0.074979
294,1722943250.098363,-4.318888,0.728459,-0.108784,0.017556,0.035650,0.985282,0.166252
295,1722943250.364962,-4.400455,0.660093,-0.089221,0.037600,0.042873,0.965272,0.254947
296,1722943250.898993,-4.648860,0.583503,-0.092668,0.044684,0.045958,0.959192,0.275396
297,1722943251.166626,-4.870248,0.526667,-0.081667,0.045895,0.040207,0.956011,0.286913
298,1722943251.433193,-5.021980,0.467045,-0.085822,0.048882,0.039677,0.929817,0.362598
299,1722943251.700146,-5.068794,0.418965,-0.099989,0.031699,0.040291,0.871939,0.486923
300,1722943251.967168,-5.108477,0.390732,-0.115852,0.020636,0.051591,0.818871,0.571281
301,1722943252.234247,-5.108985,0.381648,-0.185081,0.020803,0.055175,0.789261,0.611220
302,1722943252.501428,-5.135989,0.367686,-0.287959,0.005879,0.056935,0.777513,0.626256
303,1722943252.901896,-5.154499,0.357713,-0.423316,-0.014272,0.037389,0.770877,0.635725
304,1722943253.302536,-5.140951,0.380335,-0.254048,-0.013564,0.057884,0.797113,0.600896
305,1722943253.569601,-5.104773,0.405115,-0.117812,0.043967,0.075967,0.810746,0.578781
306,1722943253.970121,-5.006039,0.476252,-0.059214,0.043700,0.071998,0.806173,0.585654
307,1722943254.237334,-4.920340,0.520066,-0.026611,0.035433,0.031154,0.759208,0.649135
308,1722943254.504321,-4.830600,0.542226,-0.009597,0.023922,0.034661,0.683463,0.728769
309,1722943254.771380,-4.685229,0.541860,-0.025820,0.014569,0.030228,0.603690,0.796512
310,1722943255.038278,-4.489737,0.540752,-0.021694,0.023146,0.016844,0.545696,0.837494
311,1722943255.705934,-4.132440,0.645825,-0.036151,0.022323,0.002150,0.522172,0.852545
312,1722943255.973091,-4.028749,0.774205,-0.026441,0.027482,-0.024287,0.518694,0.854173
313,1722943256.240133,-3.893727,0.915622,-0.006139,0.035404,-0.025174,0.507795,0.860382
314,1722943256.507167,-3.766866,1.070608,-0.010792,0.038508,-0.021650,0.543232,0.838420
315,1722943256.774164,-3.706410,1.230771,-0.003060,0.032204,-0.023881,0.618487,0.784772
316,1722943257.041254,-3.701610,1.387175,-0.012673,0.024630,-0.007719,0.675844,0.736593
317,1722943257.308273,-3.662052,1.615996,-0.040044,0.045775,-0.034433,0.694944,0.716779
318,1722943257.575305,-3.656030,1.814677,-0.026807,0.050087,-0.028528,0.722972,0.688468
319,1722943257.843867,-3.660893,1.987627,-0.052310,0.054566,-0.020402,0.759002,0.648477
320,1722943258.109520,-3.667928,2.231691,-0.045625,0.057649,-0.034931,0.807529,0.585963
321,1722943258.376598,-3.754124,2.368428,-0.028407,0.040995,-0.017293,0.885308,0.462872
322,1722943258.643563,-3.896552,2.459101,-0.042291,0.052332,-0.025540,0.926327,0.372192
323,1722943258.910683,-4.058868,2.546334,-0.040145,0.032395,0.013214,0.948466,0.314943
324,1722943259.177615,-4.207454,2.617081,-0.037922,0.029900,0.012983,0.968733,0.245955
325,1722943259.444792,-4.344474,2.687751,-0.044702,0.028836,0.001697,0.983775,0.177064
326,1722943259.711890,-4.481125,2.748508,-0.041626,0.012716,0.004562,0.991555,0.128982
327,1722943260.379544,-4.769921,2.846321,-0.028451,0.023060,0.009972,0.988404,0.149756
328,1722943261.047126,-4.965074,2.919594,-0.045020,0.032668,0.001290,0.991927,0.122525
329,1722943261.447588,-5.068823,2.941758,-0.212631,0.038643,-0.004558,0.992892,0.112481
330,1722943261.715301,-5.078543,2.940328,-0.354273,-0.011546,-0.019963,0.991701,0.126478
331,1722943262.115857,-5.123183,2.966457,-0.244617,-0.034856,0.040167,0.993052,0.104977
332,1722943262.516518,-5.133600,3.006041,-0.066091,-0.039958,0.020905,0.995719,0.080686
333,1722943262.783672,-5.192322,3.023431,-0.063944,-0.031777,0.014377,0.997742,0.057401
334,1722943263.450699,-5.563715,2.996904,-0.058913,0.004865,0.017612,0.995998,0.087483
335,1722943263.984865,-5.864668,2.982348,-0.068498,0.014676,0.020172,0.995356,0.092975
336,1722943264.385446,-6.112822,2.979858,-0.047519,0.036729,0.024904,0.990496,0.130183
337,1722943264.652417,-6.257230,2.981301,-0.046700,0.025987,0.024819,0.976112,0.214274
338,1722943264.919526,-6.349624,2.995109,-0.041150,0.025391,0.019520,0.939377,0.341388
339,1722943265.186388,-6.406778,3.016762,-0.042480,0.029350,0.016421,0.907619,0.418446
340,1722943265.587137,-6.519925,3.110478,-0.055456,0.027735,0.020069,0.875560,0.481895
341,1722943265.987682,-6.674410,3.280974,-0.042429,0.040791,0.020670,0.860579,0.507259
342,1722943266.254810,-6.751092,3.395539,-0.036489,0.029801,0.012239,0.838410,0.544087
343,1722943266.521678,-6.843332,3.520914,-0.036119,0.048185,0.010456,0.803164,0.593714
344,1722943266.788826,-6.894819,3.612093,-0.020040,0.045718,0.005950,0.764077,0.643475
345,1722943267.055794,-6.928202,3.717315,-0.023711,0.031056,0.003855,0.745161,0.666150
346,1722943267.456486,-6.982661,3.986616,-0.029877,0.041308,-0.007180,0.732737,0.679219
347,1722943267.857505,-7.006988,4.211231,-0.031198,0.036498,-0.007752,0.715046,0.698081
348,1722943268.257787,-7.046365,4.401154,-0.011477,0.040348,0.001179,0.692580,0.720211
349,1722943268.925499,-7.060249,4.817267,-0.009365,0.028532,-0.016315,0.677766,0.734543
350,1722943269.593027,-7.026001,5.317721,0.137244,0.008607,-0.025277,0.657461,0.753015
351,1722943269.993785,-7.023054,5.540203,0.176072,-0.000333,0.001796,0.639279,0.768973
352,1722943270.527694,-6.955976,5.806100,0.185179,-0.005310,-0.009666,0.636888,0.770877
353,1722943270.928365,-6.912284,5.997342,0.192206,-0.012617,-0.010890,0.634791,0.772504
354,1722943271.195378,-6.899159,6.219776,0.209075,-0.005217,-0.014460,0.621491,0.783271
355,1722943271.729616,-6.822421,6.680959,0.241090,0.005439,-0.022700,0.614082,0.788897
356,1722943271.996613,-6.779557,6.791677,0.258215,0.007557,-0.028762,0.618468,0.785247
357,1722943272.931363,-6.861633,6.727085,0.244081,0.011907,-0.020439,0.610844,0.791398
358,1722943273.198386,-6.906104,6.634728,0.235235,0.011261,-0.023473,0.622451,0.782226
359,1722943273.465487,-6.931774,6.510138,0.212887,0.011055,-0.018760,0.640916,0.767302
360,1722943273.732572,-6.956194,6.363107,0.178633,-0.001154,-0.010512,0.667450,0.744580
361,1722943273.999518,-6.992214,6.220712,0.171363,0.009431,-0.006886,0.684816,0.728622
362,1722943274.400176,-7.077398,5.977397,0.145243,0.017044,0.005262,0.694280,0.719483
363,1722943274.667356,-7.122273,5.815281,0.129975,0.004620,0.014989,0.699041,0.714910
364,1722943275.201509,-7.120870,5.446940,0.072744,0.011429,0.000194,0.709205,0.704910
365,1722943275.468428,-7.111081,5.258949,0.058211,-0.001743,0.017970,0.711215,0.702742
366,1722943275.869214,-7.107406,4.981144,0.037260,0.002035,0.012681,0.699838,0.714186
367,1722943276.136046,-7.101867,4.824809,0.026930,-0.015005,0.030092,0.704901,0.708508
368,1722943276.536706,-7.069568,4.591582,0.012441,-0.015344,0.025864,0.736182,0.676115
369,1722943276.803776,-7.061935,4.453668,0.005006,-0.025215,0.021476,0.772043,0.634707
370,1722943277.071307,-7.094552,4.406971,0.012477,-0.013071,0.023082,0.816195,0.577167
371,1722943277.605599,-7.211771,4.290757,0.011275,-0.001706,0.029514,0.794622,0.606384
372,1722943277.872049,-7.221186,4.240805,0.008477,0.002741,0.034835,0.738415,0.673441
373,1722943278.272632,-7.200356,4.109150,0.005154,0.009112,0.024341,0.707612,0.706123
374,1722943278.806853,-7.155721,3.802736,-0.019624,-0.013281,0.030325,0.698033,0.715300
375,1722943279.073748,-7.159740,3.652702,-0.022027,-0.007507,0.033849,0.678086,0.734164
376,1722943279.474387,-7.229834,3.449569,-0.040017,-0.011691,0.039858,0.655197,0.754315
377,1722943280.008536,-7.265109,3.171969,-0.037482,-0.011396,0.033717,0.641106,0.766627
378,1722943280.275667,-7.254164,3.027057,-0.048713,-0.011057,0.042589,0.584435,0.810247
379,1722943280.542630,-7.219532,2.942173,-0.049415,-0.000811,0.037166,0.465360,0.884340
380,1722943280.809709,-7.191921,2.879304,-0.051195,-0.001136,0.032119,0.333884,0.942066
381,1722943281.076811,-7.156800,2.826470,-0.047003,0.008341,0.030259,0.221725,0.974604
382,1722943281.343678,-7.103391,2.771299,-0.047158,0.006535,0.021060,0.125334,0.991869
383,1722943281.610745,-6.981615,2.710220,-0.059366,0.020600,0.012680,0.066649,0.997483
384,1722943281.877999,-6.855785,2.715316,-0.044719,0.018804,-0.005002,0.048725,0.998623
385,1722943282.145065,-6.748098,2.731163,-0.036072,0.019556,0.007101,0.031270,0.999294
386,1722943282.412144,-6.633093,2.721962,-0.053678,0.012441,0.000850,-0.010570,0.999866
387,1722943282.679121,-6.486114,2.714536,-0.042791,0.003971,-0.008043,-0.067601,0.997672
388,1722943283.079827,-6.312645,2.668192,-0.038027,0.009189,-0.009824,-0.123701,0.992228
389,1722943283.480413,-6.089230,2.599599,-0.029379,-0.007424,-0.015871,-0.081663,0.996506
390,1722943284.414980,-5.506882,2.538325,-0.029924,0.004738,-0.017416,-0.064511,0.997754
391,1722943284.815586,-5.235027,2.498813,-0.059400,0.012306,-0.023018,-0.039891,0.998863
392,1722943285.216095,-4.910169,2.470809,-0.041835,0.004718,-0.010138,0.007883,0.999906
393,1722943285.616797,-4.644537,2.484336,-0.053402,-0.001232,-0.049204,-0.017125,0.998641
394,1722943286.952184,-4.166988,2.472820,-0.267058,0.010418,-0.029455,0.007822,0.999481
395,1722943287.753402,-3.862227,2.427133,-0.094790,0.020072,-0.010474,0.032429,0.999218
396,1722943288.821593,-3.165702,2.473056,-0.081912,0.025191,-0.010315,0.056558,0.998028
397,1722943289.088736,-2.928241,2.470504,-0.079513,0.011579,-0.021687,0.086832,0.995920
398,1722943289.355705,-2.708536,2.496568,-0.059232,0.009766,-0.015545,0.122113,0.992346
399,1722943289.756597,-2.369538,2.569177,-0.080582,0.003403,-0.045403,0.145921,0.988248
400,1722943290.290361,-1.936781,2.675765,-0.082445,0.023130,-0.035452,0.175293,0.983606
401,1722943290.690886,-1.581544,2.761230,-0.070254,0.018264,-0.042322,0.202562,0.978184
402,1722943290.958699,-1.377271,2.800398,-0.072470,0.014102,-0.032213,0.177774,0.983443
403,1722943291.359383,-1.112654,2.868339,-0.062061,0.006578,-0.034625,0.123574,0.991709
404,1722943292.026320,-0.608894,2.952733,-0.046762,0.016999,-0.029793,0.159059,0.986673
405,1722943292.293455,-0.414189,3.002739,-0.056710,0.011998,-0.027703,0.191633,0.981002
406,1722943293.095139,0.225894,3.128150,-0.064146,0.004915,-0.038617,0.236885,0.970757
407,1722943293.361645,0.454273,3.145703,-0.049646,-0.013985,-0.043045,0.301335,0.952443
408,1722943293.628772,0.602696,3.178723,-0.054913,-0.019495,-0.025397,0.384636,0.922513
409,1722943294.029481,0.876402,3.324106,-0.085741,-0.014187,-0.031717,0.447178,0.893770
410,1722943294.430524,1.138551,3.531852,-0.080652,0.008784,-0.010769,0.513824,0.857783
411,1722943294.697549,1.320655,3.692077,-0.094357,0.004286,-0.026827,0.571060,0.820458
412,1722943294.964507,1.430871,3.853341,-0.066106,-0.001873,-0.019030,0.640502,0.767719
413,1722943295.632090,1.546505,4.325440,-0.084760,0.013749,-0.011432,0.687431,0.726030
414,1722943296.165823,1.623432,4.684521,-0.109345,0.023302,-0.012251,0.703086,0.710617
415,1722943296.566863,1.649768,4.925688,-0.088953,0.022345,-0.002129,0.684319,0.728837
416,1722943296.833945,1.656761,5.057948,-0.107006,0.029553,0.001127,0.623337,0.781394
417,1722943297.101002,1.664786,5.171413,-0.099211,0.028449,-0.001746,0.569169,0.821726
418,1722943297.501774,1.692777,5.382901,-0.102678,0.032132,0.000867,0.530193,0.847268
419,1722943297.768723,1.729651,5.530485,-0.086131,0.036724,-0.006646,0.487694,0.872216
420,1722943298.035753,1.762844,5.671503,-0.086196,0.045269,-0.001607,0.441656,0.896040
421,1722943298.302846,1.786893,5.800442,-0.098205,0.045592,-0.012100,0.358979,0.932153
422,1722943298.569478,1.812527,5.954766,-0.084730,0.031861,0.008169,0.238210,0.970657
423,1722943298.836571,1.839898,6.081358,-0.079100,0.031546,-0.001507,0.135942,0.990213
424,1722943299.103414,1.898185,6.210651,-0.072354,0.029914,-0.022310,0.112941,0.992901
425,1722943299.504083,1.962950,6.379635,-0.054862,0.016704,-0.005838,0.040975,0.999003
426,1722943299.771220,2.033981,6.491801,-0.071633,0.021861,-0.035395,-0.063148,0.997137
427,1722943300.038264,2.047273,6.530119,-0.069365,0.052054,-0.019285,-0.201707,0.977872
428,1722943300.705802,2.131664,6.588636,-0.082428,0.051953,-0.017682,-0.219107,0.974156
429,1722943300.972945,2.151062,6.578660,-0.225403,0.043057,-0.002540,-0.209470,0.976863
430,1722943301.240105,2.179620,6.576598,-0.432402,-0.014008,0.044236,-0.204515,0.977763
431,1722943301.507082,2.191550,6.578110,-0.470582,-0.004039,0.053200,-0.231284,0.971422
432,1722943301.773998,2.180777,6.565793,-0.272307,0.043225,0.030259,-0.244642,0.968177
433,1722943302.041290,2.161566,6.548971,-0.090242,0.078374,-0.003997,-0.214946,0.973468
434,1722943302.441809,2.140990,6.557395,-0.059758,0.052820,-0.007882,-0.231956,0.971259
435,1722943302.709006,2.140516,6.516034,-0.063192,0.049519,-0.010356,-0.278578,0.959080
436,1722943302.975935,2.169927,6.459464,-0.069317,0.044506,-0.004565,-0.350398,0.935532
437,1722943303.242959,2.183425,6.388258,-0.069164,0.056760,-0.020082,-0.467389,0.881999
438,1722943303.510013,2.158590,6.325522,-0.072227,0.077902,-0.058037,-0.589254,0.802087
439,1722943303.777146,2.104078,6.284294,-0.062089,0.073202,-0.069455,-0.693414,0.713438
440,1722943304.044199,2.038698,6.239562,-0.067024,0.065855,-0.049232,-0.769092,0.633828
441,1722943304.311233,1.968873,6.176878,-0.090015,0.040278,-0.041812,-0.810035,0.583501
442,1722943304.711883,1.857463,6.022464,-0.073486,-0.002482,-0.039505,-0.809868,0.585275
443,1722943305.112355,1.842629,5.895769,-0.094845,0.033768,-0.012868,-0.791009,0.610736
444,1722943305.512987,1.805161,5.718795,-0.083345,0.028187,-0.032215,-0.802176,0.595552
445,1722943306.047080,1.699052,5.422677,-0.086501,0.007105,-0.033746,-0.773654,0.632669
446,1722943306.314129,1.687523,5.265357,-0.079900,-0.009073,-0.033012,-0.759935,0.649097
447,1722943306.848535,1.676100,4.973123,-0.067664,0.000158,-0.033597,-0.778075,0.627272
448,1722943307.115409,1.655592,4.788291,-0.079505,-0.011493,-0.038990,-0.758348,0.650581
449,1722943307.382419,1.627579,4.590384,-0.071581,0.004079,-0.025942,-0.732787,0.679952
450,1722943307.782992,1.624732,4.341242,-0.088935,-0.018574,-0.030456,-0.723680,0.689213
451,1722943308.050013,1.620147,4.170205,-0.078215,-0.012860,-0.017554,-0.737805,0.674663
452,1722943308.450746,1.594052,3.925039,-0.088390,-0.025266,-0.038047,-0.724763,0.687483
453,1722943308.717808,1.571244,3.746507,-0.072997,-0.027934,-0.042916,-0.700172,0.712135
454,1722943309.385486,1.584045,3.360690,-0.069396,-0.038485,-0.054112,-0.716300,0.694626
455,1722943309.786053,1.556428,3.135464,-0.066292,-0.067903,-0.068469,-0.702860,0.704762
456,1722943310.053164,1.556756,2.964366,-0.045940,-0.054306,-0.056163,-0.688303,0.721205
457,1722943310.720681,1.578534,2.792470,-0.068741,-0.030313,-0.040784,-0.699854,0.712476
458,1722943310.987702,1.578224,2.691105,-0.206800,-0.027844,-0.025814,-0.691600,0.721282
459,1722943311.521795,1.574812,2.513758,-0.254761,0.032944,-0.011802,-0.671735,0.739964
460,1722943311.922822,1.566991,2.454642,-0.062042,0.031672,-0.012973,-0.640921,0.766844
461,1722943312.589968,1.642547,2.076532,-0.078468,0.019304,-0.036555,-0.649666,0.759095
462,1722943312.990703,1.686387,1.796117,-0.083415,0.005372,-0.052657,-0.651529,0.756775
463,1722943313.391289,1.722190,1.506733,-0.051116,-0.006566,-0.048442,-0.655914,0.753251
464,1722943313.792043,1.782025,1.224118,-0.062786,-0.023250,-0.051863,-0.697239,0.714582
465,1722943314.058858,1.806147,1.029753,-0.042011,-0.021943,-0.055218,-0.753043,0.655283
466,1722943314.459445,1.819895,0.776802,-0.050680,-0.022939,-0.079282,-0.802867,0.590418
467,1722943314.726471,1.818002,0.602537,-0.039528,-0.019593,-0.097874,-0.843923,0.527097
468,1722943314.993625,1.815674,0.481890,-0.038573,0.036759,0.081660,0.899189,-0.428298
469,1722943315.260680,1.826189,0.396007,-0.040355,0.039616,0.071616,0.956037,-0.281595
470,1722943315.528336,1.828752,0.341062,-0.036482,0.031514,0.053088,0.982236,-0.177201
471,1722943315.794865,1.779436,0.317405,-0.041064,0.036115,0.035123,0.991304,-0.121565
472,1722943316.195667,1.564679,0.256511,-0.048684,0.056326,0.042337,0.990775,-0.115756
473,1722943316.863086,1.124762,0.143820,-0.053120,0.063918,0.040655,0.991914,-0.101820
474,1722943317.264338,0.829933,0.060297,-0.042011,0.048679,0.036837,0.996913,-0.049366
475,1722943317.531253,0.694705,0.038741,-0.056054,0.064818,0.038248,0.997067,-0.013920
476,1722943317.798417,0.522230,0.018771,-0.046266,0.069298,0.038599,0.995481,0.052210
477,1722943318.065536,0.310941,-0.004445,-0.045042,0.065913,0.039095,0.986738,0.143095
478,1722943318.332469,0.163067,0.003931,-0.060159,0.072036,0.041433,0.948876,0.304513
479,1722943318.598996,0.097043,0.019055,-0.053785,0.067351,0.032931,0.886886,0.455865
480,1722943318.866136,0.058086,0.077182,-0.065632,0.066632,0.019376,0.831195,0.551634
481,1722943319.133823,0.016728,0.192074,-0.051981,0.084407,-0.005838,0.771926,0.630056
482,1722943319.400694,-0.000267,0.273557,-0.039477,0.075248,-0.020815,0.688713,0.720818
483,1722943319.667801,0.005080,0.320454,-0.029473,0.088384,-0.032371,0.536321,0.838749
484,1722943319.935143,-0.012693,0.356843,-0.015554,0.079264,-0.026308,0.356538,0.930540
485,1722943320.201961,-0.029117,0.267511,-0.049843,0.057188,-0.046343,0.210920,0.974728
486,1722943320.469010,0.005435,0.200324,-0.052345,0.043787,-0.065829,0.097916,0.992049
487,1722943320.869168,0.065202,0.220272,-0.031850,0.010230,-0.057784,0.040902,0.997438
488,1722943321.136145,0.106180,0.191305,-0.019764,0.020245,-0.062331,0.004342,0.997841
489,1722943321.804286,0.109073,0.186623,-0.012464,0.011666,-0.032015,-0.000576,0.999419
490,1722943322.605143,0.102074,0.247514,0.006257,0.013265,-0.043687,-0.037475,0.998254
491,1722943323.005789,0.120872,0.306997,0.037146,0.060706,-0.074109,-0.087114,0.991581
492,1722943323.406164,0.118651,0.335046,0.028334,0.063864,-0.060396,-0.140412,0.986184
